{
  "1x0": {
    "up": 1,
    "down": 65.2954874470892,
    "left": 0,
    "right": 0
  },
  "1x1": {
    "up": -78.3271097257631,
    "down": 73.92534464777813,
    "left": 0,
    "right": 0
  },
  "1x2": {
    "up": 69.1586349672186,
    "down": 2,
    "left": 0,
    "right": 78.23693652744649
  },
  "1x4": {
    "up": 1,
    "down": 22.2615806583961,
    "left": 0,
    "right": 81.68192981438617
  },
  "1x5": {
    "up": 63.819739496942795,
    "down": 4.87092947292143,
    "left": 0,
    "right": 0
  },
  "1x6": {
    "up": 3.822809002180887,
    "down": 49.641993691718724,
    "left": 0,
    "right": 0
  },
  "1x7": {
    "up": 4.8679938992933,
    "down": 7,
    "left": 0,
    "right": 74.51740424293556
  },
  "2x2": {
    "up": 2,
    "down": 85.76864773724185,
    "left": 63.08745884115203,
    "right": 76.7462031458671
  },
  "2x3": {
    "up": 73.48169557477112,
    "down": 89.40237780717867,
    "left": 0,
    "right": 0
  },
  "2x4": {
    "up": 76.38782702003121,
    "down": 4,
    "left": 78.3366260753284,
    "right": 91.79437460374488
  },
  "2x7": {
    "up": 2,
    "down": 7,
    "left": 59.67763211433574,
    "right": 90.84789067298621
  },
  "3x2": {
    "up": 3,
    "down": 2,
    "left": 80.76485486335916,
    "right": 22.71928141592471
  },
  "3x4": {
    "up": 3,
    "down": 4,
    "left": 89.67352955550311,
    "right": 93.75752398366515
  },
  "3x7": {
    "up": 3,
    "down": 7,
    "left": 62.83139307696998,
    "right": 99.2148907306633
  },
  "4x2": {
    "up": 4,
    "down": 2,
    "left": 54.287498923220745,
    "right": 27.1765585653789
  },
  "4x4": {
    "up": 4,
    "down": 95.7345427512132,
    "left": 91.39291190861893,
    "right": 0
  },
  "4x5": {
    "up": 80.8705392975724,
    "down": 97.72221617846967,
    "left": 0,
    "right": 93.58498026874517
  },
  "4x6": {
    "up": 95.73735758190026,
    "down": 99.724342195066,
    "left": 0,
    "right": 0
  },
  "4x7": {
    "up": 97.58985034855749,
    "down": 7,
    "left": 92.48325057700187,
    "right": 101.74429632387816
  },
  "5x1": {
    "up": 5,
    "down": 3.8219910399627377,
    "left": 0,
    "right": 4.93999999999958
  },
  "5x2": {
    "up": 3.9500000045199064,
    "down": 2,
    "left": 2.959999987258171,
    "right": 59.13168290637676
  },
  "5x5": {
    "up": 5,
    "down": 5,
    "left": 95.72644683663718,
    "right": 91.53210673524455
  },
  "5x7": {
    "up": 5,
    "down": 7,
    "left": 99.70549122326364,
    "right": 103.78237003240334
  },
  "6x1": {
    "up": 6,
    "down": 45.36215260291719,
    "left": 3.9499999999876048,
    "right": 0
  },
  "6x2": {
    "up": 4.940000001368885,
    "down": 73.00634169700935,
    "left": 8.016554307119803,
    "right": 26.511466440748315
  },
  "6x3": {
    "up": 4.870699970179574,
    "down": 81.6465683368238,
    "left": 0,
    "right": 37.028738513595044
  },
  "6x4": {
    "up": 77.58305081976957,
    "down": 90.46485518994871,
    "left": 0,
    "right": 3.821993000004028
  },
  "6x5": {
    "up": 76.13561508085307,
    "down": 5,
    "left": 93.68118879501266,
    "right": 79.58238962618621
  },
  "6x7": {
    "up": 6,
    "down": 7,
    "left": 101.70019180780962,
    "right": 105.84079719689873
  },
  "7x2": {
    "up": 7,
    "down": 62.154314339776974,
    "left": 28.97846622898721,
    "right": 0
  },
  "7x3": {
    "up": 54.36228419998223,
    "down": 76.56359224268412,
    "left": 55.65930500443525,
    "right": 0
  },
  "7x4": {
    "up": 55.111095671979015,
    "down": 57.87296687186547,
    "left": 83.56691463970816,
    "right": 0
  },
  "7x5": {
    "up": 77.24189796538852,
    "down": 5,
    "left": 88.56072884751228,
    "right": 0
  },
  "7x7": {
    "up": 7,
    "down": 107.9199995655725,
    "left": 103.52719702581531,
    "right": 0
  },
  "7x8": {
    "up": 7,
    "down": 8,
    "left": 0,
    "right": 0
  }
}
