{
  "1x0": {
    "up": 0,
    "down": -1,
    "left": 0,
    "right": 0
  },
  "1x1": {
    "up": -10,
    "down": -1,
    "left": 0,
    "right": 0
  },
  "1x2": {
    "up": -1,
    "down": 0,
    "left": 0,
    "right": -1
  },
  "1x4": {
    "up": 0,
    "down": 0.2678905268113986,
    "left": 0,
    "right": 0.48689333371249527
  },
  "1x5": {
    "up": -0.7036188371833196,
    "down": 1.4452390927505472,
    "left": 0,
    "right": 0
  },
  "1x6": {
    "up": -0.02757697127328193,
    "down": 2.5172960616821713,
    "left": 0,
    "right": 0
  },
  "1x7": {
    "up": 1.3130956753975176,
    "down": 0,
    "left": 0,
    "right": 3.562457867530047
  },
  "2x2": {
    "up": 0,
    "down": -0.5179717490315086,
    "left": -1,
    "right": -1
  },
  "2x3": {
    "up": -1,
    "down": 0.48689722320049644,
    "left": 0,
    "right": 0
  },
  "2x4": {
    "up": -0.5179747936169722,
    "down": 0,
    "left": -0.5180053491231535,
    "right": 1.5019163870712084
  },
  "2x7": {
    "up": 0,
    "down": 0,
    "left": 2.4662499397593973,
    "right": 4.6089039173262245
  },
  "3x2": {
    "up": 0,
    "down": 0,
    "left": -1,
    "right": -1
  },
  "3x4": {
    "up": 0,
    "down": 0,
    "left": 0.48689722320049644,
    "right": 2.5271882697688977
  },
  "3x7": {
    "up": 0,
    "down": 0,
    "left": 3.5613737224824438,
    "right": 5.665561099999999
  },
  "4x2": {
    "up": 0,
    "down": 0,
    "left": -1,
    "right": -1
  },
  "4x4": {
    "up": 0,
    "down": 3.5628164341099975,
    "left": 1.5019163870712084,
    "right": 0
  },
  "4x5": {
    "up": 2.527188269746485,
    "down": 4.608905488999998,
    "left": 0,
    "right": 2.527188269766545
  },
  "4x6": {
    "up": 3.5628164341099975,
    "down": 5.665561099999999,
    "left": 0,
    "right": 0
  },
  "4x7": {
    "up": 4.608905486815347,
    "down": 0,
    "left": 4.608905488999733,
    "right": 6.7328899999999985
  },
  "5x1": {
    "up": 0,
    "down": -1,
    "left": 0,
    "right": -1
  },
  "5x2": {
    "up": -1,
    "down": 0,
    "left": -1,
    "right": -1.513082648059668
  },
  "5x5": {
    "up": 0,
    "down": 0,
    "left": 3.5628164341099975,
    "right": 1.501908196869044
  },
  "5x7": {
    "up": 0,
    "down": 0,
    "left": 5.665561099999999,
    "right": 7.810999999999998
  },
  "6x1": {
    "up": 0,
    "down": -1.5307239827174763,
    "left": -0.9999999999999978,
    "right": 0
  },
  "6x2": {
    "up": -0.99999822853,
    "down": -0.5179798535917222,
    "left": -0.9997813,
    "right": -0.999999468559
  },
  "6x3": {
    "up": -1.5961995523037298,
    "down": 0.48689660443273874,
    "left": 0,
    "right": -0.9999999999895397
  },
  "6x4": {
    "up": -0.6626267224740947,
    "down": 1.5019163818055559,
    "left": 0,
    "right": -0.6955368739441448
  },
  "6x5": {
    "up": 0.4864278984536333,
    "down": 0,
    "left": 2.527188269767442,
    "right": 0.4752110391334841
  },
  "6x7": {
    "up": 0,
    "down": 0,
    "left": 6.7328899999999985,
    "right": 8.899999999999999
  },
  "7x2": {
    "up": 0,
    "down": -0.99999995217031,
    "left": -1.6345700980010645,
    "right": 0
  },
  "7x3": {
    "up": -0.999999468559,
    "down": -0.610073599947319,
    "left": -0.529442254776801,
    "right": 0
  },
  "7x4": {
    "up": -0.9999999998837739,
    "down": 0.4658742878260339,
    "left": 0.4170157783742524,
    "right": 0
  },
  "7x5": {
    "up": -0.6151172798293171,
    "down": 0,
    "left": 1.5010867282468938,
    "right": 0
  },
  "7x7": {
    "up": 0,
    "down": 10,
    "left": 7.810999999650948,
    "right": 0
  },
  "7x8": {
    "up": 0,
    "down": 0,
    "left": 0,
    "right": 0
  }
}
