{
  "1x0": {
    "up": 0,
    "down": 75.50420459979358,
    "left": 0,
    "right": 0
  },
  "1x1": {
    "up": -25.250837446204358,
    "down": 77.27697434322585,
    "left": 0,
    "right": 0
  },
  "1x2": {
    "up": 75.50420459979358,
    "down": 0,
    "left": 0,
    "right": 79.06765085174328
  },
  "1x4": {
    "up": 0,
    "down": 78.993293700672,
    "left": 0,
    "right": 82.70344949341404
  },
  "1x5": {
    "up": 80.86965911743576,
    "down": 49.253472031358946,
    "left": 0,
    "right": 0
  },
  "1x6": {
    "up": 73.85955368705048,
    "down": 1.2173477128722394,
    "left": 0,
    "right": 0
  },
  "1x7": {
    "up": 3.1879476376222793,
    "down": 0,
    "left": 0,
    "right": 88.01739910654456
  },
  "2x2": {
    "up": 0,
    "down": 80.87641500176089,
    "left": 77.27697434274916,
    "right": 77.27697434322585
  },
  "2x3": {
    "up": 79.06765085174328,
    "down": 82.70344949672817,
    "left": 0,
    "right": 0
  },
  "2x4": {
    "up": 80.87641500175638,
    "down": 0,
    "left": 80.87641490576789,
    "right": 84.54893888558401
  },
  "2x7": {
    "up": 0,
    "down": 0,
    "left": 83.4747080566933,
    "right": 90.19800838960045
  },
  "3x2": {
    "up": 0,
    "down": 0,
    "left": 79.06765085174328,
    "right": 75.23873750667693
  },
  "3x4": {
    "up": 0,
    "down": 0,
    "left": 82.70344949672817,
    "right": 86.41306958139799
  },
  "3x7": {
    "up": 0,
    "down": 0,
    "left": 88.29599714909855,
    "right": 92.11920199999994
  },
  "4x2": {
    "up": 0,
    "down": 0,
    "left": 77.19102480650326,
    "right": 66.95175250100013
  },
  "4x4": {
    "up": 0,
    "down": 88.2960298802,
    "left": 84.54893888558401,
    "right": 0
  },
  "4x5": {
    "up": 86.41306958139789,
    "down": 90.19800998,
    "left": 0,
    "right": 86.41306955093656
  },
  "4x6": {
    "up": 88.29602988019997,
    "down": 92.119202,
    "left": 0,
    "right": 0
  },
  "4x7": {
    "up": 90.19800997922013,
    "down": 0,
    "left": 90.19800997999671,
    "right": 94.0598
  },
  "5x1": {
    "up": 0,
    "down": 60.19184999456219,
    "left": 0,
    "right": 5.140694146364105
  },
  "5x2": {
    "up": 48.34083308239776,
    "down": 0,
    "left": 35.216793390515214,
    "right": 76.24112007318722
  },
  "5x5": {
    "up": 0,
    "down": 0,
    "left": 88.29602987963469,
    "right": 84.54878246911196
  },
  "5x7": {
    "up": 0,
    "down": 0,
    "left": 92.119202,
    "right": 96.02000000000001
  },
  "6x1": {
    "up": 0,
    "down": 12.160471845423633,
    "left": 32.358117243469984,
    "right": 0
  },
  "6x2": {
    "up": 26.605710665590685,
    "down": 79.72111856245834,
    "left": 48.82619035160771,
    "right": 57.023449200153564
  },
  "6x3": {
    "up": 54.60439219694037,
    "down": 82.58834124675644,
    "left": 0,
    "right": 44.59332820780638
  },
  "6x4": {
    "up": 71.58527739605164,
    "down": 84.5448084249098,
    "left": 0,
    "right": 58.851963585183725
  },
  "6x5": {
    "up": 81.60595861534576,
    "down": 0,
    "left": 86.41305914515901,
    "right": 82.47360035122692
  },
  "6x7": {
    "up": 0,
    "down": 0,
    "left": 94.0598,
    "right": 98
  },
  "7x2": {
    "up": 0,
    "down": 36.6912360055538,
    "left": 70.23216878007393,
    "right": 0
  },
  "7x3": {
    "up": 47.262223938734834,
    "down": 58.40378791074251,
    "left": 46.781192219395194,
    "right": 0
  },
  "7x4": {
    "up": 29.757308020887436,
    "down": 69.22947166599515,
    "left": 80.92617656414623,
    "right": 0
  },
  "7x5": {
    "up": 67.72224246001629,
    "down": 0,
    "left": 84.5311117576662,
    "right": 0
  },
  "7x7": {
    "up": 0,
    "down": 100,
    "left": 96.02000000000001,
    "right": 0
  },
  "7x8": {
    "up": 0,
    "down": 0,
    "left": 0,
    "right": 0
  }
}
